year,case,,,,,
1993,21.5,21.5,21.5,,,
1994,28.6,22.92,21.784,,,
1995,59.2,30.176,23.4624,,,
1996,68.4,37.8208,26.33408,,,
1997,67.3,43.71664,29.810592,,,
1998,50.6,45.093312,32.867136,,,
1999,56,47.2746496,35.74863872,,,
2000,72.8,52.37971968,39.07485491,,,
2001,73.7,56.64377574,42.58863908,,,
2002,76.6,60.6350206,46.19791538,,b,c
2003,90.3,66.56801648,50.2719356,,4.074020219,33.97585473
2004,105.3,74.31441318,55.08043112,,4.808495516,
2005,122.2,83.89153054,60.842651,,5.762219886,
2006,125.5,92.21322444,67.11676569,,6.274114687,
2007,128.7,99.51057955,73.59552846,,6.478762772,
2008,127.1,105.0284636,79.8821155,,6.286587036,
2009,127.3,109.4827709,85.80224658,,5.920131083,
2010,131.8,113.9462167,91.43104061,,5.62879403,
2011,138,118.7569734,96.89622716,,5.465186555,
2012,148.1,124.6255787,102.4420975,,5.545870308,
2013,160,131.700463,108.2937706,,5.851673099,
2014,164.1,138.1803704,114.2710905,,5.97731996,
2015,167.3,144.0042963,120.2177317,,5.946641153,
2016,163.4,,,,0,
,,,96.17418535,,,
,,,76.93934828,,,
,,,61.55147862,,,
,,,49.2411829,,,
,,,39.39294632,,,
,,,31.51435705,,,
,,,25.21148564,,,
,,,20.16918852,,,
,,,16.13535081,,,
,,,12.90828065,,,
,,,10.32662452,,,
,,,8.261299616,,,
,,,6.609039693,,,
,,,5.287231754,,,
,,,4.229785403,,,
,,,3.383828323,,,
,,,2.707062658,,,
,,,2.165650126,,,
,,,1.732520101,,,
,,,1.386016081,,,
,,,1.108812865,,,
,,,0.887050292,,,
,,,0.709640233,,,
,,,0.567712187,,,
,,,0.454169749,,,
,,,0.3633358,,,
,,,0.29066864,,,
,,,0.232534912,,,
,,,0.186027929,,,
,,,0.148822343,,,
,,,0.119057875,,,
,,,0.0952463,,,
,,,0.07619704,,,
,,,0.060957632,,,
,,,0.048766106,,,
,,,0.039012884,,,
,,,0.031210308,,,
,,,0.024968246,,,
,,,0.019974597,,,
,,,0.015979677,,,
,,,0.012783742,,,
,,,0.010226994,,,
,,,0.008181595,,,
,,,0.006545276,,,
,,,0.005236221,,,
,,,0.004188977,,,
,,,0.003351181,,,
,,,0.002680945,,,
,,,0.002144756,,,
,,,0.001715805,,,
,,,0.001372644,,,
,,,0.001098115,,,
,,,0.000878492,,,
,,,0.000702794,,,
,,,0.000562235,,,
,,,0.000449788,,,
,,,0.00035983,,,
,,,0.000287864,,,
,,,0.000230291,,,
,,,0.000184233,,,
,,,0.000147387,,,
,,,0.000117909,,,
,,,9.43274E-05,,,
,,,7.54619E-05,,,
,,,6.03695E-05,,,
,,,4.82956E-05,,,
,,,3.86365E-05,,,
,,,3.09092E-05,,,
,,,2.47274E-05,,,
,,,1.97819E-05,,,
,,,1.58255E-05,,,
,,,1.26604E-05,,,
,,,1.01283E-05,,,
,,,8.10266E-06,,,
,,,6.48213E-06,,,
,,,5.1857E-06,,,
,,,4.14856E-06,,,
,,,3.31885E-06,,,
,,,2.65508E-06,,,
,,,2.12406E-06,,,
,,,1.69925E-06,,,
,,,1.3594E-06,,,
,,,1.08752E-06,,,
,,,8.70016E-07,,,
,,,6.96013E-07,,,
,,,5.5681E-07,,,
,,,4.45448E-07,,,
,,,3.56359E-07,,,
,,,2.85087E-07,,,
,,,2.2807E-07,,,
,,,1.82456E-07,,,
,,,1.45965E-07,,,
,,,1.16772E-07,,,
,,,9.34173E-08,,,
,,,7.47338E-08,,,
,,,5.97871E-08,,,
,,,4.78297E-08,,,
,,,3.82637E-08,,,
,,,3.0611E-08,,,
,,,2.44888E-08,,,
,,,1.9591E-08,,,
,,,1.56728E-08,,,
,,,1.25383E-08,,,
,,,1.00306E-08,,,
,,,8.02448E-09,,,
,,,6.41959E-09,,,
,,,5.13567E-09,,,
,,,4.10854E-09,,,
,,,3.28683E-09,,,
,,,2.62946E-09,,,
,,,2.10357E-09,,,
,,,1.68286E-09,,,
,,,1.34629E-09,,,
,,,1.07703E-09,,,
,,,8.61623E-10,,,
,,,6.89298E-10,,,
,,,5.51438E-10,,,
,,,4.41151E-10,,,
,,,3.52921E-10,,,
,,,2.82336E-10,,,
,,,2.25869E-10,,,
,,,1.80695E-10,,,
,,,1.44556E-10,,,
,,,1.15645E-10,,,
,,,9.2516E-11,,,
,,,7.40128E-11,,,
,,,5.92102E-11,,,
,,,4.73682E-11,,,
,,,3.78946E-11,,,
,,,3.03156E-11,,,
,,,2.42525E-11,,,
,,,1.9402E-11,,,
,,,1.55216E-11,,,
,,,1.24173E-11,,,
,,,9.93383E-12,,,
,,,7.94706E-12,,,
,,,6.35765E-12,,,
,,,5.08612E-12,,,
,,,4.0689E-12,,,
,,,3.25512E-12,,,
,,,2.60409E-12,,,
,,,2.08328E-12,,,
,,,1.66662E-12,,,
,,,1.3333E-12,,,
,,,1.06664E-12,,,
,,,8.5331E-13,,,
,,,6.82648E-13,,,
,,,5.46118E-13,,,
,,,4.36895E-13,,,
,,,3.49516E-13,,,
,,,2.79612E-13,,,
,,,2.2369E-13,,,
,,,1.78952E-13,,,
,,,1.43162E-13,,,
,,,1.14529E-13,,,
,,,9.16234E-14,,,
,,,7.32987E-14,,,
,,,5.8639E-14,,,
,,,4.69112E-14,,,
,,,3.7529E-14,,,
,,,3.00232E-14,,,
,,,2.40185E-14,,,
,,,1.92148E-14,,,
,,,1.53719E-14,,,
,,,1.22975E-14,,,
,,,9.83799E-15,,,
,,,7.87039E-15,,,
,,,6.29631E-15,,,
,,,5.03705E-15,,,
,,,4.02964E-15,,,
,,,3.22371E-15,,,
,,,2.57897E-15,,,
,,,2.06318E-15,,,
,,,1.65054E-15,,,
,,,1.32043E-15,,,
,,,1.05635E-15,,,
,,,8.45077E-16,,,
,,,6.76062E-16,,,
,,,5.40849E-16,,,
,,,4.32679E-16,,,
,,,3.46143E-16,,,
,,,2.76915E-16,,,
,,,2.21532E-16,,,
,,,1.77225E-16,,,
,,,1.4178E-16,,,
,,,1.13424E-16,,,
,,,9.07394E-17,,,
,,,7.25916E-17,,,
,,,5.80732E-17,,,
,,,4.64586E-17,,,
,,,3.71669E-17,,,
,,,2.97335E-17,,,
,,,2.37868E-17,,,
,,,1.90294E-17,,,
,,,1.52236E-17,,,
,,,1.21788E-17,,,
,,,9.74307E-18,,,
,,,7.79446E-18,,,
,,,6.23557E-18,,,
,,,4.98845E-18,,,
,,,3.99076E-18,,,
,,,3.19261E-18,,,
,,,2.55409E-18,,,
,,,2.04327E-18,,,
,,,1.63462E-18,,,
,,,1.30769E-18,,,
,,,1.04615E-18,,,
,,,8.36924E-19,,,
,,,6.69539E-19,,,
,,,5.35631E-19,,,
,,,4.28505E-19,,,
,,,3.42804E-19,,,
,,,2.74243E-19,,,
,,,2.19395E-19,,,
,,,1.75516E-19,,,
,,,1.40412E-19,,,
,,,1.1233E-19,,,
,,,8.9864E-20,,,
,,,7.18912E-20,,,
,,,5.7513E-20,,,
,,,4.60104E-20,,,
,,,3.68083E-20,,,
,,,2.94466E-20,,,
,,,2.35573E-20,,,
,,,1.88458E-20,,,
,,,1.50767E-20,,,
,,,1.20613E-20,,,
,,,9.64907E-21,,,
,,,7.71926E-21,,,
,,,6.17541E-21,,,
,,,4.94033E-21,,,
,,,3.95226E-21,,,
,,,3.16181E-21,,,
,,,2.52945E-21,,,
,,,2.02356E-21,,,
,,,1.61885E-21,,,
,,,1.29508E-21,,,
,,,1.03606E-21,,,
,,,8.28849E-22,,,
,,,6.63079E-22,,,
,,,5.30463E-22,,,
,,,4.24371E-22,,,
,,,3.39497E-22,,,
,,,2.71597E-22,,,
,,,2.17278E-22,,,
,,,1.73822E-22,,,
,,,1.39058E-22,,,
,,,1.11246E-22,,,
,,,8.8997E-23,,,
,,,7.11976E-23,,,
,,,5.69581E-23,,,
,,,4.55665E-23,,,
,,,3.64532E-23,,,
,,,2.91625E-23,,,
,,,2.333E-23,,,
,,,1.8664E-23,,,
,,,1.49312E-23,,,
,,,1.1945E-23,,,
,,,9.55598E-24,,,
,,,7.64478E-24,,,
,,,6.11583E-24,,,
,,,4.89266E-24,,,
,,,3.91413E-24,,,
,,,3.1313E-24,,,
,,,2.50504E-24,,,
,,,2.00403E-24,,,
,,,1.60323E-24,,,
,,,1.28258E-24,,,
,,,1.02607E-24,,,
,,,8.20852E-25,,,
,,,6.56682E-25,,,
,,,5.25345E-25,,,
,,,4.20276E-25,,,
,,,3.36221E-25,,,
,,,2.68977E-25,,,
,,,2.15182E-25,,,
,,,1.72145E-25,,,
,,,1.37716E-25,,,
,,,1.10173E-25,,,
,,,8.81383E-26,,,
,,,7.05107E-26,,,
,,,5.64085E-26,,,
,,,4.51268E-26,,,
,,,3.61015E-26,,,
,,,2.88812E-26,,,
,,,2.31049E-26,,,
,,,1.8484E-26,,,
,,,1.47872E-26,,,
,,,1.18297E-26,,,
,,,9.46378E-27,,,
,,,7.57103E-27,,,
,,,6.05682E-27,,,
,,,4.84546E-27,,,
,,,3.87637E-27,,,
,,,3.10109E-27,,,
,,,2.48087E-27,,,
,,,1.9847E-27,,,
,,,1.58776E-27,,,
,,,1.27021E-27,,,
,,,1.01617E-27,,,
,,,8.12933E-28,,,
,,,6.50346E-28,,,
,,,5.20277E-28,,,
,,,4.16222E-28,,,
,,,3.32977E-28,,,
,,,2.66382E-28,,,
,,,2.13105E-28,,,
,,,1.70484E-28,,,
,,,1.36387E-28,,,
,,,1.0911E-28,,,
,,,8.7288E-29,,,
,,,6.98304E-29,,,
,,,5.58643E-29,,,
,,,4.46914E-29,,,
,,,3.57532E-29,,,
,,,2.86025E-29,,,
,,,2.2882E-29,,,
,,,1.83056E-29,,,
,,,1.46445E-29,,,
,,,1.17156E-29,,,
,,,9.37248E-30,,,
,,,7.49798E-30,,,
,,,5.99838E-30,,,
,,,4.79871E-30,,,
,,,3.83897E-30,,,
,,,3.07117E-30,,,
,,,2.45694E-30,,,
,,,1.96555E-30,,,
,,,1.57244E-30,,,
,,,1.25795E-30,,,
,,,1.00636E-30,,,
,,,8.0509E-31,,,
,,,6.44072E-31,,,
,,,5.15257E-31,,,
,,,4.12206E-31,,,
,,,3.29765E-31,,,
,,,2.63812E-31,,,
,,,2.11049E-31,,,
,,,1.6884E-31,,,
,,,1.35072E-31,,,
,,,1.08057E-31,,,
,,,8.64458E-32,,,
,,,6.91567E-32,,,
,,,5.53253E-32,,,
,,,4.42603E-32,,,
,,,3.54082E-32,,,
,,,2.83266E-32,,,
,,,2.26613E-32,,,
,,,1.8129E-32,,,
,,,1.45032E-32,,,
,,,1.16026E-32,,,
,,,9.28205E-33,,,
,,,7.42564E-33,,,
,,,5.94051E-33,,,
,,,4.75241E-33,,,
,,,3.80193E-33,,,
,,,3.04154E-33,,,
,,,2.43323E-33,,,
,,,1.94659E-33,,,
,,,1.55727E-33,,,
,,,1.24582E-33,,,
,,,9.96653E-34,,,
,,,7.97322E-34,,,
,,,6.37858E-34,,,
,,,5.10286E-34,,,
,,,4.08229E-34,,,
,,,3.26583E-34,,,
,,,2.61267E-34,,,
,,,2.09013E-34,,,
,,,1.67211E-34,,,
,,,1.33768E-34,,,
,,,1.07015E-34,,,
,,,8.56118E-35,,,
,,,6.84894E-35,,,
,,,5.47916E-35,,,
,,,4.38332E-35,,,
,,,3.50666E-35,,,
,,,2.80533E-35,,,
,,,2.24426E-35,,,
,,,1.79541E-35,,,
,,,1.43633E-35,,,
,,,1.14906E-35,,,
,,,9.1925E-36,,,
,,,7.354E-36,,,
,,,5.8832E-36,,,
,,,4.70656E-36,,,
,,,3.76525E-36,,,
,,,3.0122E-36,,,
,,,2.40976E-36,,,
,,,1.92781E-36,,,
,,,1.54225E-36,,,
,,,1.2338E-36,,,
,,,9.87037E-37,,,
,,,7.8963E-37,,,
,,,6.31704E-37,,,
,,,5.05363E-37,,,
,,,4.0429E-37,,,
,,,3.23432E-37,,,
,,,2.58746E-37,,,
,,,2.06997E-37,,,
,,,1.65597E-37,,,
,,,1.32478E-37,,,
,,,1.05982E-37,,,
,,,8.47858E-38,,,
,,,6.78287E-38,,,
,,,5.42629E-38,,,
,,,4.34103E-38,,,
,,,3.47283E-38,,,
,,,2.77826E-38,,,
,,,2.22261E-38,,,
,,,1.77809E-38,,,
,,,1.42247E-38,,,
,,,1.13798E-38,,,
,,,9.10381E-39,,,
,,,7.28305E-39,,,
,,,5.82644E-39,,,
,,,4.66115E-39,,,
,,,3.72892E-39,,,
,,,2.98314E-39,,,
,,,2.38651E-39,,,
,,,1.90921E-39,,,
,,,1.52737E-39,,,
,,,1.22189E-39,,,
,,,9.77514E-40,,,
,,,7.82011E-40,,,
,,,6.25609E-40,,,
,,,5.00487E-40,,,
,,,4.0039E-40,,,
,,,3.20312E-40,,,
,,,2.56249E-40,,,
,,,2.05E-40,,,
,,,1.64E-40,,,
,,,1.312E-40,,,
,,,1.0496E-40,,,
,,,8.39678E-41,,,
,,,6.71743E-41,,,
,,,5.37394E-41,,,
,,,4.29915E-41,,,
,,,3.43932E-41,,,
,,,2.75146E-41,,,
,,,2.20117E-41,,,
,,,1.76093E-41,,,
,,,1.40875E-41,,,
,,,1.127E-41,,,
,,,9.01598E-42,,,
,,,7.21278E-42,,,
,,,5.77022E-42,,,
,,,4.61618E-42,,,
,,,3.69294E-42,,,
,,,2.95435E-42,,,
,,,2.36348E-42,,,
,,,1.89079E-42,,,
,,,1.51263E-42,,,
,,,1.2101E-42,,,
,,,9.68083E-43,,,
,,,7.74466E-43,,,
,,,6.19573E-43,,,
,,,4.95659E-43,,,
,,,3.96527E-43,,,
,,,3.17221E-43,,,
,,,2.53777E-43,,,
,,,2.03022E-43,,,
,,,1.62417E-43,,,
,,,1.29934E-43,,,
,,,1.03947E-43,,,
,,,8.31577E-44,,,
,,,6.65262E-44,,,
,,,5.32209E-44,,,
,,,4.25767E-44,,,
,,,3.40614E-44,,,
,,,2.72491E-44,,,
,,,2.17993E-44,,,
,,,1.74394E-44,,,
,,,1.39515E-44,,,
,,,1.11612E-44,,,
,,,8.92899E-45,,,
,,,7.14319E-45,,,
,,,5.71455E-45,,,
,,,4.57164E-45,,,
,,,3.65731E-45,,,
,,,2.92585E-45,,,
,,,2.34068E-45,,,
,,,1.87254E-45,,,
,,,1.49804E-45,,,
,,,1.19843E-45,,,
,,,9.58743E-46,,,
,,,7.66994E-46,,,
,,,6.13596E-46,,,
,,,4.90876E-46,,,
,,,3.92701E-46,,,
,,,3.14161E-46,,,
,,,2.51329E-46,,,
,,,2.01063E-46,,,
,,,1.6085E-46,,,
,,,1.2868E-46,,,
,,,1.02944E-46,,,
,,,8.23554E-47,,,
,,,6.58843E-47,,,
,,,5.27075E-47,,,
,,,4.2166E-47,,,
,,,3.37328E-47,,,
,,,2.69862E-47,,,
,,,2.1589E-47,,,
,,,1.72712E-47,,,
,,,1.38169E-47,,,
,,,1.10536E-47,,,
,,,8.84284E-48,,,
,,,7.07427E-48,,,
,,,5.65942E-48,,,
,,,4.52754E-48,,,
,,,3.62203E-48,,,
,,,2.89762E-48,,,
,,,2.3181E-48,,,
,,,1.85448E-48,,,
,,,1.48358E-48,,,
,,,1.18687E-48,,,
,,,9.49493E-49,,,
,,,7.59594E-49,,,
,,,6.07676E-49,,,
,,,4.8614E-49,,,
,,,3.88912E-49,,,
,,,3.1113E-49,,,
,,,2.48904E-49,,,
,,,1.99123E-49,,,
,,,1.59299E-49,,,
,,,1.27439E-49,,,
,,,1.01951E-49,,,
,,,8.15608E-50,,,
,,,6.52487E-50,,,
,,,5.21989E-50,,,
,,,4.17591E-50,,,
,,,3.34073E-50,,,
,,,2.67259E-50,,,
,,,2.13807E-50,,,
,,,1.71045E-50,,,
,,,1.36836E-50,,,
,,,1.09469E-50,,,
,,,8.75753E-51,,,
,,,7.00602E-51,,,
,,,5.60482E-51,,,
,,,4.48385E-51,,,
,,,3.58708E-51,,,
,,,2.86967E-51,,,
,,,2.29573E-51,,,
,,,1.83659E-51,,,
,,,1.46927E-51,,,
,,,1.17542E-51,,,
,,,9.40332E-52,,,
,,,7.52266E-52,,,
,,,6.01813E-52,,,
,,,4.8145E-52,,,
,,,3.8516E-52,,,
,,,3.08128E-52,,,
,,,2.46502E-52,,,
,,,1.97202E-52,,,
,,,1.57762E-52,,,
,,,1.26209E-52,,,
,,,1.00967E-52,,,
,,,8.07739E-53,,,
,,,6.46192E-53,,,
,,,5.16953E-53,,,
,,,4.13563E-53,,,
,,,3.3085E-53,,,
,,,2.6468E-53,,,
,,,2.11744E-53,,,
,,,1.69395E-53,,,
,,,1.35516E-53,,,
,,,1.08413E-53,,,
,,,8.67304E-54,,,
,,,6.93843E-54,,,
,,,5.55074E-54,,,
,,,4.44059E-54,,,
,,,3.55248E-54,,,
,,,2.84198E-54,,,
,,,2.27358E-54,,,
,,,1.81887E-54,,,
,,,1.45509E-54,,,
,,,1.16408E-54,,,
,,,9.3126E-55,,,
,,,7.45008E-55,,,
,,,5.96006E-55,,,
,,,4.76805E-55,,,
,,,3.81444E-55,,,
,,,3.05155E-55,,,
,,,2.44124E-55,,,
,,,1.95299E-55,,,
,,,1.5624E-55,,,
,,,1.24992E-55,,,
,,,9.99933E-56,,,
,,,7.99946E-56,,,
,,,6.39957E-56,,,
,,,5.11966E-56,,,
,,,4.09573E-56,,,
,,,3.27658E-56,,,
,,,2.62126E-56,,,
,,,2.09701E-56,,,
,,,1.67761E-56,,,
,,,1.34209E-56,,,
,,,1.07367E-56,,,
,,,8.58936E-57,,,
,,,6.87149E-57,,,
,,,5.49719E-57,,,
,,,4.39775E-57,,,
,,,3.5182E-57,,,
,,,2.81456E-57,,,
,,,2.25165E-57,,,
,,,1.80132E-57,,,
,,,1.44106E-57,,,
,,,1.15284E-57,,,
,,,9.22275E-58,,,
,,,7.3782E-58,,,
,,,5.90256E-58,,,
,,,4.72205E-58,,,
,,,3.77764E-58,,,
,,,3.02211E-58,,,
,,,2.41769E-58,,,
,,,1.93415E-58,,,
,,,1.54732E-58,,,
,,,1.23786E-58,,,
,,,9.90286E-59,,,
,,,7.92228E-59,,,
,,,6.33783E-59,,,
,,,5.07026E-59,,,
,,,4.05621E-59,,,
,,,3.24497E-59,,,
,,,2.59597E-59,,,
,,,2.07678E-59,,,
,,,1.66142E-59,,,
,,,1.32914E-59,,,
,,,1.06331E-59,,,
,,,8.50649E-60,,,
,,,6.80519E-60,,,
,,,5.44415E-60,,,
,,,4.35532E-60,,,
,,,3.48426E-60,,,
,,,2.78741E-60,,,
,,,2.22992E-60,,,
,,,1.78394E-60,,,
,,,1.42715E-60,,,
,,,1.14172E-60,,,
,,,9.13377E-61,,,
,,,7.30702E-61,,,
,,,5.84561E-61,,,
,,,4.67649E-61,,,
,,,3.74119E-61,,,
,,,2.99295E-61,,,
,,,2.39436E-61,,,
,,,1.91549E-61,,,
,,,1.53239E-61,,,
,,,1.22591E-61,,,
,,,9.80731E-62,,,
,,,7.84585E-62,,,
,,,6.27668E-62,,,
,,,5.02134E-62,,,
,,,4.01708E-62,,,
,,,3.21366E-62,,,
,,,2.57093E-62,,,
,,,2.05674E-62,,,
,,,1.64539E-62,,,
,,,1.31632E-62,,,
,,,1.05305E-62,,,
,,,8.42442E-63,,,
,,,6.73953E-63,,,
,,,5.39163E-63,,,
,,,4.3133E-63,,,
,,,3.45064E-63,,,
,,,2.76051E-63,,,
,,,2.20841E-63,,,
,,,1.76673E-63,,,
,,,1.41338E-63,,,
,,,1.13071E-63,,,
,,,9.04565E-64,,,
,,,7.23652E-64,,,
,,,5.78922E-64,,,
,,,4.63137E-64,,,
,,,3.7051E-64,,,
,,,2.96408E-64,,,
,,,2.37126E-64,,,
,,,1.89701E-64,,,
,,,1.51761E-64,,,
,,,1.21409E-64,,,
,,,9.71269E-65,,,
,,,7.77015E-65,,,
,,,6.21612E-65,,,
,,,4.9729E-65,,,
,,,3.97832E-65,,,
,,,3.18266E-65,,,
,,,2.54612E-65,,,
,,,2.0369E-65,,,
,,,1.62952E-65,,,
,,,1.30362E-65,,,
,,,1.04289E-65,,,
,,,8.34314E-66,,,
,,,6.67451E-66,,,
,,,5.33961E-66,,,
,,,4.27169E-66,,,
,,,3.41735E-66,,,
,,,2.73388E-66,,,
,,,2.1871E-66,,,
,,,1.74968E-66,,,
,,,1.39975E-66,,,
,,,1.1198E-66,,,
,,,8.95838E-67,,,
,,,7.1667E-67,,,
,,,5.73336E-67,,,
,,,4.58669E-67,,,
,,,3.66935E-67,,,
,,,2.93548E-67,,,
,,,2.34839E-67,,,
,,,1.87871E-67,,,
,,,1.50297E-67,,,
,,,1.20237E-67,,,
,,,9.61899E-68,,,
,,,7.69519E-68,,,
,,,6.15615E-68,,,
,,,4.92492E-68,,,
,,,3.93994E-68,,,
,,,3.15195E-68,,,
,,,2.52156E-68,,,
,,,2.01725E-68,,,
,,,1.6138E-68,,,
,,,1.29104E-68,,,
,,,1.03283E-68,,,
,,,8.26265E-69,,,
,,,6.61012E-69,,,
,,,5.28809E-69,,,
,,,4.23047E-69,,,
,,,3.38438E-69,,,
,,,2.7075E-69,,,
,,,2.166E-69,,,
,,,1.7328E-69,,,
,,,1.38624E-69,,,
,,,1.10899E-69,,,
,,,8.87195E-70,,,
,,,7.09756E-70,,,
,,,5.67805E-70,,,
,,,4.54244E-70,,,
,,,3.63395E-70,,,
,,,2.90716E-70,,,
,,,2.32573E-70,,,
,,,1.86058E-70,,,
,,,1.48847E-70,,,
,,,1.19077E-70,,,
,,,9.52618E-71,,,
,,,7.62095E-71,,,
,,,6.09676E-71,,,
,,,4.8774E-71,,,
,,,3.90192E-71,,,
,,,3.12154E-71,,,
,,,2.49723E-71,,,
,,,1.99779E-71,,,
,,,1.59823E-71,,,
,,,1.27858E-71,,,
,,,1.02287E-71,,,
,,,8.18293E-72,,,
,,,6.54634E-72,,,
,,,5.23707E-72,,,
,,,4.18966E-72,,,
,,,3.35173E-72,,,
,,,2.68138E-72,,,
,,,2.14511E-72,,,
,,,1.71608E-72,,,
,,,1.37287E-72,,,
,,,1.09829E-72,,,
,,,8.78635E-73,,,
,,,7.02908E-73,,,
,,,5.62327E-73,,,
,,,4.49861E-73,,,
,,,3.59889E-73,,,
,,,2.87911E-73,,,
,,,2.30329E-73,,,
,,,1.84263E-73,,,
,,,1.47411E-73,,,
,,,1.17928E-73,,,
,,,9.43427E-74,,,
,,,7.54742E-74,,,
,,,6.03793E-74,,,
,,,4.83035E-74,,,
,,,3.86428E-74,,,
,,,3.09142E-74,,,
,,,2.47314E-74,,,
,,,1.97851E-74,,,
,,,1.58281E-74,,,
,,,1.26625E-74,,,
,,,1.013E-74,,,
,,,8.10398E-75,,,
,,,6.48318E-75,,,
,,,5.18655E-75,,,
,,,4.14924E-75,,,
,,,3.31939E-75,,,
,,,2.65551E-75,,,
,,,2.12441E-75,,,
,,,1.69953E-75,,,
,,,1.35962E-75,,,
,,,1.0877E-75,,,
,,,8.70158E-76,,,
,,,6.96126E-76,,,
,,,5.56901E-76,,,
,,,4.45521E-76,,,
,,,3.56417E-76,,,
,,,2.85133E-76,,,
,,,2.28107E-76,,,
,,,1.82485E-76,,,
,,,1.45988E-76,,,
,,,1.16791E-76,,,
,,,9.34325E-77,,,
,,,7.4746E-77,,,
,,,5.97968E-77,,,
,,,4.78374E-77,,,
,,,3.827E-77,,,
,,,3.0616E-77,,,
,,,2.44928E-77,,,
,,,1.95942E-77,,,
,,,1.56754E-77,,,
,,,1.25403E-77,,,
,,,1.00322E-77,,,
,,,8.02579E-78,,,
,,,6.42063E-78,,,
,,,5.13651E-78,,,
,,,4.10921E-78,,,
,,,3.28736E-78,,,
,,,2.62989E-78,,,
,,,2.10391E-78,,,
,,,1.68313E-78,,,
,,,1.3465E-78,,,
,,,1.0772E-78,,,
,,,8.61763E-79,,,
,,,6.8941E-79,,,
,,,5.51528E-79,,,
,,,4.41223E-79,,,
,,,3.52978E-79,,,
,,,2.82382E-79,,,
,,,2.25906E-79,,,
,,,1.80725E-79,,,
,,,1.4458E-79,,,
,,,1.15664E-79,,,
,,,9.25311E-80,,,
,,,7.40249E-80,,,
,,,5.92199E-80,,,
,,,4.73759E-80,,,
,,,3.79007E-80,,,
,,,3.03206E-80,,,
,,,2.42565E-80,,,
,,,1.94052E-80,,,
,,,1.55241E-80,,,
,,,1.24193E-80,,,
,,,9.93545E-81,,,
,,,7.94836E-81,,,
,,,6.35869E-81,,,
,,,5.08695E-81,,,
,,,4.06956E-81,,,
,,,3.25565E-81,,,
,,,2.60452E-81,,,
,,,2.08361E-81,,,
,,,1.66689E-81,,,
,,,1.33351E-81,,,
,,,1.06681E-81,,,
,,,8.53449E-82,,,
,,,6.82759E-82,,,
,,,5.46207E-82,,,
,,,4.36966E-82,,,
,,,3.49573E-82,,,
,,,2.79658E-82,,,
,,,2.23726E-82,,,
,,,1.78981E-82,,,
,,,1.43185E-82,,,
,,,1.14548E-82,,,
,,,9.16383E-83,,,
,,,7.33107E-83,,,
,,,5.86485E-83,,,
,,,4.69188E-83,,,
,,,3.75351E-83,,,
,,,3.00281E-83,,,
,,,2.40224E-83,,,
,,,1.9218E-83,,,
,,,1.53744E-83,,,
,,,1.22995E-83,,,
,,,9.83959E-84,,,
,,,7.87167E-84,,,
,,,6.29734E-84,,,
,,,5.03787E-84,,,
,,,4.0303E-84,,,
,,,3.22424E-84,,,
,,,2.57939E-84,,,
,,,2.06351E-84,,,
,,,1.65081E-84,,,
,,,1.32065E-84,,,
,,,1.05652E-84,,,
,,,8.45215E-85,,,
,,,6.76172E-85,,,
,,,5.40937E-85,,,
,,,4.3275E-85,,,
,,,3.462E-85,,,
,,,2.7696E-85,,,
,,,2.21568E-85,,,
,,,1.77254E-85,,,
,,,1.41803E-85,,,
,,,1.13443E-85,,,
,,,9.07542E-86,,,
,,,7.26034E-86,,,
,,,5.80827E-86,,,
,,,4.64662E-86,,,
,,,3.71729E-86,,,
,,,2.97383E-86,,,
,,,2.37907E-86,,,
,,,1.90325E-86,,,
,,,1.5226E-86,,,
,,,1.21808E-86,,,
,,,9.74466E-87,,,
,,,7.79573E-87,,,
,,,6.23658E-87,,,
,,,4.98927E-87,,,
,,,3.99141E-87,,,
,,,3.19313E-87,,,
,,,2.5545E-87,,,
,,,2.0436E-87,,,
,,,1.63488E-87,,,
,,,1.30791E-87,,,
,,,1.04632E-87,,,
,,,8.3706E-88,,,
,,,6.69648E-88,,,
,,,5.35718E-88,,,
,,,4.28575E-88,,,
,,,3.4286E-88,,,
,,,2.74288E-88,,,
,,,2.1943E-88,,,
,,,1.75544E-88,,,
,,,1.40435E-88,,,
,,,1.12348E-88,,,
,,,8.98786E-89,,,
,,,7.19029E-89,,,
,,,5.75223E-89,,,
,,,4.60179E-89,,,
,,,3.68143E-89,,,
,,,2.94514E-89,,,
,,,2.35611E-89,,,
,,,1.88489E-89,,,
,,,1.50791E-89,,,
,,,1.20633E-89,,,
,,,9.65064E-90,,,
,,,7.72052E-90,,,
,,,6.17641E-90,,,
,,,4.94113E-90,,,
,,,3.9529E-90,,,
,,,3.16232E-90,,,
,,,2.52986E-90,,,
,,,2.02389E-90,,,
,,,1.61911E-90,,,
,,,1.29529E-90,,,
,,,1.03623E-90,,,
,,,8.28984E-91,,,
,,,6.63187E-91,,,
,,,5.3055E-91,,,
,,,4.2444E-91,,,
,,,3.39552E-91,,,
,,,2.71641E-91,,,
,,,2.17313E-91,,,
,,,1.73851E-91,,,
,,,1.3908E-91,,,
,,,1.11264E-91,,,
,,,8.90115E-92,,,
,,,7.12092E-92,,,
,,,5.69673E-92,,,
,,,4.55739E-92,,,
,,,3.64591E-92,,,
,,,2.91673E-92,,,
,,,2.33338E-92,,,
,,,1.86671E-92,,,
,,,1.49336E-92,,,
,,,1.19469E-92,,,
,,,9.55754E-93,,,
,,,7.64603E-93,,,
,,,6.11682E-93,,,
,,,4.89346E-93,,,
,,,3.91477E-93,,,
,,,3.13181E-93,,,
,,,2.50545E-93,,,
,,,2.00436E-93,,,
,,,1.60349E-93,,,
,,,1.28279E-93,,,
,,,1.02623E-93,,,
,,,8.20986E-94,,,
,,,6.56789E-94,,,
,,,5.25431E-94,,,
,,,4.20345E-94,,,
,,,3.36276E-94,,,
,,,2.69021E-94,,,
,,,2.15217E-94,,,
,,,1.72173E-94,,,
,,,1.37739E-94,,,
,,,1.10191E-94,,,
,,,8.81527E-95,,,
,,,7.05222E-95,,,
,,,5.64177E-95,,,
,,,4.51342E-95,,,
,,,3.61073E-95,,,
,,,2.88859E-95,,,
,,,2.31087E-95,,,
,,,1.8487E-95,,,
,,,1.47896E-95,,,
,,,1.18317E-95,,,
,,,9.46532E-96,,,
,,,7.57226E-96,,,
,,,6.05781E-96,,,
,,,4.84625E-96,,,
,,,3.877E-96,,,
,,,3.1016E-96,,,
,,,2.48128E-96,,,
,,,1.98502E-96,,,
,,,1.58802E-96,,,
,,,1.27041E-96,,,
,,,1.01633E-96,,,
,,,8.13065E-97,,,
,,,6.50452E-97,,,
,,,5.20362E-97,,,
,,,4.16289E-97,,,
,,,3.33031E-97,,,
,,,2.66425E-97,,,
,,,2.1314E-97,,,
,,,1.70512E-97,,,
,,,1.3641E-97,,,
,,,1.09128E-97,,,
,,,8.73022E-98,,,
,,,6.98418E-98,,,
,,,5.58734E-98,,,
,,,4.46987E-98,,,
,,,3.5759E-98,,,
,,,2.86072E-98,,,
,,,2.28857E-98,,,
,,,1.83086E-98,,,
,,,1.46469E-98,,,
,,,1.17175E-98,,,
,,,9.374E-99,,,
,,,7.4992E-99,,,
,,,5.9994E-99,,,
,,,4.7995E-99,,,
,,,3.8396E-99,,,
,,,3.0717E-99,,,
,,,2.4573E-99,,,
,,,1.9659E-99,,,
,,,1.5727E-99,,,
,,,1.2582E-99,,,
,,,1.0065E-99,,,
,,,8.0522E-100,,,
,,,6.4418E-100,,,
,,,5.1534E-100,,,
,,,4.1227E-100,,,
,,,3.2982E-100,,,
,,,2.6385E-100,,,
,,,2.1108E-100,,,
,,,1.6887E-100,,,
,,,1.3509E-100,,,
,,,1.0807E-100,,,
,,,8.646E-101,,,
,,,6.9168E-101,,,
,,,5.5334E-101,,,
,,,4.4267E-101,,,
,,,3.5414E-101,,,
,,,2.8331E-101,,,
,,,2.2665E-101,,,
,,,1.8132E-101,,,
,,,1.4506E-101,,,
,,,1.1604E-101,,,
,,,9.2836E-102,,,
,,,7.4269E-102,,,
,,,5.9415E-102,,,
,,,4.7532E-102,,,
,,,3.8025E-102,,,
,,,3.042E-102,,,
,,,2.4336E-102,,,
,,,1.9469E-102,,,
,,,1.5575E-102,,,
,,,1.246E-102,,,
,,,9.9681E-103,,,
,,,7.9745E-103,,,
,,,6.3796E-103,,,
,,,5.1037E-103,,,
,,,4.083E-103,,,
,,,3.2664E-103,,,
,,,2.6131E-103,,,
,,,2.0905E-103,,,
,,,1.6724E-103,,,
,,,1.3379E-103,,,
,,,1.0703E-103,,,
,,,8.5626E-104,,,
,,,6.8501E-104,,,
,,,5.48E-104,,,
,,,4.384E-104,,,
,,,3.5072E-104,,,
,,,2.8058E-104,,,
,,,2.2446E-104,,,
,,,1.7957E-104,,,
,,,1.4366E-104,,,
,,,1.1492E-104,,,
,,,9.194E-105,,,
,,,7.3552E-105,,,
,,,5.8842E-105,,,
,,,4.7073E-105,,,
,,,3.7659E-105,,,
,,,3.0127E-105,,,
,,,2.4102E-105,,,
,,,1.9281E-105,,,
,,,1.5425E-105,,,
,,,1.234E-105,,,
,,,9.872E-106,,,
,,,7.8976E-106,,,
,,,6.3181E-106,,,
,,,5.0545E-106,,,
,,,4.0436E-106,,,
,,,3.2348E-106,,,
,,,2.5879E-106,,,
,,,2.0703E-106,,,
,,,1.6562E-106,,,
,,,1.325E-106,,,
,,,1.06E-106,,,
,,,8.48E-107,,,
,,,6.784E-107,,,
,,,5.4272E-107,,,
,,,4.3417E-107,,,
,,,3.4734E-107,,,
,,,2.7787E-107,,,
,,,2.223E-107,,,
,,,1.7784E-107,,,
,,,1.4227E-107,,,
,,,1.1382E-107,,,
,,,9.1053E-108,,,
,,,7.2842E-108,,,
,,,5.8274E-108,,,
,,,4.6619E-108,,,
,,,3.7295E-108,,,
,,,2.9836E-108,,,
,,,2.3869E-108,,,
,,,1.9095E-108,,,
,,,1.5276E-108,,,
,,,1.2221E-108,,,
,,,9.7767E-109,,,
,,,7.8214E-109,,,
,,,6.2571E-109,,,
,,,5.0057E-109,,,
,,,4.0045E-109,,,
,,,3.2036E-109,,,
,,,2.5629E-109,,,
,,,2.0503E-109,,,
,,,1.6403E-109,,,
,,,1.3122E-109,,,
,,,1.0498E-109,,,
,,,8.3981E-110,,,
,,,6.7185E-110,,,
,,,5.3748E-110,,,
,,,4.2999E-110,,,
,,,3.4399E-110,,,
,,,2.7519E-110,,,
,,,2.2015E-110,,,
,,,1.7612E-110,,,
,,,1.409E-110,,,
,,,1.1272E-110,,,
,,,9.0174E-111,,,
,,,7.214E-111,,,
,,,5.7712E-111,,,
,,,4.6169E-111,,,
,,,3.6935E-111,,,
,,,2.9548E-111,,,
,,,2.3639E-111,,,
,,,1.8911E-111,,,
,,,1.5129E-111,,,
,,,1.2103E-111,,,
,,,9.6824E-112,,,
,,,7.7459E-112,,,
,,,6.1967E-112,,,
,,,4.9574E-112,,,
,,,3.9659E-112,,,
,,,3.1727E-112,,,
,,,2.5382E-112,,,
,,,2.0305E-112,,,
,,,1.6244E-112,,,
,,,1.2996E-112,,,
,,,1.0396E-112,,,
,,,8.3171E-113,,,
,,,6.6537E-113,,,
,,,5.323E-113,,,
,,,4.2584E-113,,,
,,,3.4067E-113,,,
,,,2.7254E-113,,,
,,,2.1803E-113,,,
,,,1.7442E-113,,,
,,,1.3954E-113,,,
,,,1.1163E-113,,,
,,,8.9304E-114,,,
,,,7.1444E-114,,,
,,,5.7155E-114,,,
,,,4.5724E-114,,,
,,,3.6579E-114,,,
,,,2.9263E-114,,,
,,,2.3411E-114,,,
,,,1.8728E-114,,,
,,,1.4983E-114,,,
,,,1.1986E-114,,,
,,,9.589E-115,,,
,,,7.6712E-115,,,
,,,6.137E-115,,,
,,,4.9096E-115,,,
,,,3.9277E-115,,,
,,,3.1421E-115,,,
,,,2.5137E-115,,,
,,,2.011E-115,,,
,,,1.6088E-115,,,
,,,1.287E-115,,,
,,,1.0296E-115,,,
,,,8.2369E-116,,,
,,,6.5895E-116,,,
,,,5.2716E-116,,,
,,,4.2173E-116,,,
,,,3.3738E-116,,,
,,,2.6991E-116,,,
,,,2.1592E-116,,,
,,,1.7274E-116,,,
,,,1.3819E-116,,,
,,,1.1055E-116,,,
,,,8.8443E-117,,,
,,,7.0754E-117,,,
,,,5.6603E-117,,,
,,,4.5283E-117,,,
,,,3.6226E-117,,,
,,,2.8981E-117,,,
,,,2.3185E-117,,,
,,,1.8548E-117,,,
,,,1.4838E-117,,,
,,,1.1871E-117,,,
,,,9.4965E-118,,,
,,,7.5972E-118,,,
,,,6.0777E-118,,,
,,,4.8622E-118,,,
,,,3.8898E-118,,,
,,,3.1118E-118,,,
,,,2.4894E-118,,,
,,,1.9916E-118,,,
,,,1.5932E-118,,,
,,,1.2746E-118,,,
,,,1.0197E-118,,,
,,,8.1574E-119,,,
,,,6.5259E-119,,,
,,,5.2207E-119,,,
,,,4.1766E-119,,,
,,,3.3413E-119,,,
,,,2.673E-119,,,
,,,2.1384E-119,,,
,,,1.7107E-119,,,
,,,1.3686E-119,,,
,,,1.0949E-119,,,
,,,8.759E-120,,,
,,,7.0072E-120,,,
,,,5.6057E-120,,,
,,,4.4846E-120,,,
,,,3.5877E-120,,,
,,,2.8701E-120,,,
,,,2.2961E-120,,,
,,,1.8369E-120,,,
,,,1.4695E-120,,,
,,,1.1756E-120,,,
,,,9.4049E-121,,,
,,,7.5239E-121,,,
,,,6.0191E-121,,,
,,,4.8153E-121,,,
,,,3.8522E-121,,,
,,,3.0818E-121,,,
,,,2.4654E-121,,,
,,,1.9723E-121,,,
,,,1.5779E-121,,,
,,,1.2623E-121,,,
,,,1.0098E-121,,,
,,,8.0787E-122,,,
,,,6.463E-122,,,
,,,5.1704E-122,,,
,,,4.1363E-122,,,
,,,3.309E-122,,,
,,,2.6472E-122,,,
,,,2.1178E-122,,,
,,,1.6942E-122,,,
,,,1.3554E-122,,,
,,,1.0843E-122,,,
,,,8.6744E-123,,,
,,,6.9396E-123,,,
,,,5.5516E-123,,,
,,,4.4413E-123,,,
,,,3.5531E-123,,,
,,,2.8424E-123,,,
,,,2.274E-123,,,
,,,1.8192E-123,,,
,,,1.4553E-123,,,
,,,1.1643E-123,,,
,,,9.3141E-124,,,
,,,7.4513E-124,,,
,,,5.961E-124,,,
,,,4.7688E-124,,,
,,,3.8151E-124,,,
,,,3.0521E-124,,,
,,,2.4416E-124,,,
,,,1.9533E-124,,,
,,,1.5626E-124,,,
,,,1.2501E-124,,,
,,,1.0001E-124,,,
,,,8.0008E-125,,,
,,,6.4006E-125,,,
,,,5.1205E-125,,,
,,,4.0964E-125,,,
,,,3.2771E-125,,,
,,,2.6217E-125,,,
,,,2.0974E-125,,,
,,,1.6779E-125,,,
,,,1.3423E-125,,,
,,,1.0738E-125,,,
,,,8.5908E-126,,,
,,,6.8726E-126,,,
,,,5.4981E-126,,,
,,,4.3985E-126,,,
,,,3.5188E-126,,,
,,,2.815E-126,,,
,,,2.252E-126,,,
,,,1.8016E-126,,,
,,,1.4413E-126,,,
,,,1.153E-126,,,
,,,9.2243E-127,,,
,,,7.3794E-127,,,
,,,5.9035E-127,,,
,,,4.7228E-127,,,
,,,3.7783E-127,,,
,,,3.0226E-127,,,
,,,2.4181E-127,,,
,,,1.9345E-127,,,
,,,1.5476E-127,,,
,,,1.2381E-127,,,
,,,9.9045E-128,,,
,,,7.9236E-128,,,
,,,6.3389E-128,,,
,,,5.0711E-128,,,
,,,4.0569E-128,,,
,,,3.2455E-128,,,
,,,2.5964E-128,,,
,,,2.0771E-128,,,
,,,1.6617E-128,,,
,,,1.3294E-128,,,
,,,1.0635E-128,,,
,,,8.5079E-129,,,
,,,6.8063E-129,,,
,,,5.445E-129,,,
,,,4.356E-129,,,
,,,3.4848E-129,,,
,,,2.7879E-129,,,
,,,2.2303E-129,,,
,,,1.7842E-129,,,
,,,1.4274E-129,,,
,,,1.1419E-129,,,
,,,9.1353E-130,,,
,,,7.3082E-130,,,
,,,5.8466E-130,,,
,,,4.6773E-130,,,
,,,3.7418E-130,,,
,,,2.9934E-130,,,
,,,2.3948E-130,,,
,,,1.9158E-130,,,
,,,1.5326E-130,,,
,,,1.2261E-130,,,
,,,9.8089E-131,,,
,,,7.8471E-131,,,
,,,6.2777E-131,,,
,,,5.0222E-131,,,
,,,4.0177E-131,,,
,,,3.2142E-131,,,
,,,2.5713E-131,,,
,,,2.0571E-131,,,
,,,1.6457E-131,,,
,,,1.3165E-131,,,
,,,1.0532E-131,,,
,,,8.4258E-132,,,
,,,6.7406E-132,,,
,,,5.3925E-132,,,
,,,4.314E-132,,,
,,,3.4512E-132,,,
,,,2.761E-132,,,
,,,2.2088E-132,,,
,,,1.767E-132,,,
,,,1.4136E-132,,,
,,,1.1309E-132,,,
,,,9.0471E-133,,,
,,,7.2377E-133,,,
,,,5.7902E-133,,,
,,,4.6321E-133,,,
,,,3.7057E-133,,,
,,,2.9646E-133,,,
,,,2.3716E-133,,,
,,,1.8973E-133,,,
,,,1.5179E-133,,,
,,,1.2143E-133,,,
,,,9.7143E-134,,,
,,,7.7714E-134,,,
,,,6.2171E-134,,,
,,,4.9737E-134,,,
,,,3.979E-134,,,
,,,3.1832E-134,,,
,,,2.5465E-134,,,
,,,2.0372E-134,,,
,,,1.6298E-134,,,
,,,1.3038E-134,,,
,,,1.0431E-134,,,
,,,8.3445E-135,,,
,,,6.6756E-135,,,
,,,5.3405E-135,,,
,,,4.2724E-135,,,
,,,3.4179E-135,,,
,,,2.7343E-135,,,
,,,2.1875E-135,,,
,,,1.75E-135,,,
,,,1.4E-135,,,
,,,1.12E-135,,,
,,,8.9598E-136,,,
,,,7.1679E-136,,,
,,,5.7343E-136,,,
,,,4.5874E-136,,,
,,,3.6699E-136,,,
,,,2.936E-136,,,
,,,2.3488E-136,,,
,,,1.879E-136,,,
,,,1.5032E-136,,,
,,,1.2026E-136,,,
,,,9.6206E-137,,,
,,,7.6964E-137,,,
,,,6.1572E-137,,,
,,,4.9257E-137,,,
,,,3.9406E-137,,,
,,,3.1525E-137,,,
,,,2.522E-137,,,
,,,2.0176E-137,,,
,,,1.6141E-137,,,
,,,1.2912E-137,,,
,,,1.033E-137,,,
,,,8.264E-138,,,
,,,6.6112E-138,,,
,,,5.289E-138,,,
,,,4.2312E-138,,,
,,,3.3849E-138,,,
,,,2.7079E-138,,,
,,,2.1664E-138,,,
,,,1.7331E-138,,,
,,,1.3865E-138,,,
,,,1.1092E-138,,,
,,,8.8734E-139,,,
,,,7.0987E-139,,,
,,,5.679E-139,,,
,,,4.5432E-139,,,
,,,3.6345E-139,,,
,,,2.9076E-139,,,
,,,2.3261E-139,,,
,,,1.8609E-139,,,
,,,1.4887E-139,,,
,,,1.191E-139,,,
,,,9.5277E-140,,,
,,,7.6222E-140,,,
,,,6.0977E-140,,,
,,,4.8782E-140,,,
,,,3.9026E-140,,,
,,,3.122E-140,,,
,,,2.4976E-140,,,
,,,1.9981E-140,,,
,,,1.5985E-140,,,
,,,1.2788E-140,,,
,,,1.023E-140,,,
,,,8.1843E-141,,,
,,,6.5474E-141,,,
,,,5.2379E-141,,,
,,,4.1903E-141,,,
,,,3.3523E-141,,,
,,,2.6818E-141,,,
,,,2.1455E-141,,,
,,,1.7164E-141,,,
,,,1.3731E-141,,,
,,,1.0985E-141,,,
,,,8.7878E-142,,,
,,,7.0302E-142,,,
,,,5.6242E-142,,,
,,,4.4993E-142,,,
,,,3.5995E-142,,,
,,,2.8796E-142,,,
,,,2.3037E-142,,,
,,,1.8429E-142,,,
,,,1.4743E-142,,,
,,,1.1795E-142,,,
,,,9.4358E-143,,,
,,,7.5486E-143,,,
,,,6.0389E-143,,,
,,,4.8311E-143,,,
,,,3.8649E-143,,,
,,,3.0919E-143,,,
,,,2.4735E-143,,,
,,,1.9788E-143,,,
,,,1.5831E-143,,,
,,,1.2665E-143,,,
,,,1.0132E-143,,,
,,,8.1053E-144,,,
,,,6.4842E-144,,,
,,,5.1874E-144,,,
,,,4.1499E-144,,,
,,,3.3199E-144,,,
,,,2.6559E-144,,,
,,,2.1248E-144,,,
,,,1.6998E-144,,,
,,,1.3598E-144,,,
,,,1.0879E-144,,,
,,,8.703E-145,,,
,,,6.9624E-145,,,
,,,5.5699E-145,,,
,,,4.4559E-145,,,
,,,3.5647E-145,,,
,,,2.8518E-145,,,
,,,2.2814E-145,,,
,,,1.8252E-145,,,
,,,1.4601E-145,,,
,,,1.1681E-145,,,
,,,9.3448E-146,,,
,,,7.4758E-146,,,
,,,5.9807E-146,,,
,,,4.7845E-146,,,
,,,3.8276E-146,,,
,,,3.0621E-146,,,
,,,2.4497E-146,,,
,,,1.9597E-146,,,
,,,1.5678E-146,,,
,,,1.2542E-146,,,
,,,1.0034E-146,,,
,,,8.0271E-147,,,
,,,6.4217E-147,,,
,,,5.1373E-147,,,
,,,4.1099E-147,,,
,,,3.2879E-147,,,
,,,2.6303E-147,,,
,,,2.1043E-147,,,
,,,1.6834E-147,,,
,,,1.3467E-147,,,
,,,1.0774E-147,,,
,,,8.619E-148,,,
,,,6.8952E-148,,,
,,,5.5162E-148,,,
,,,4.4129E-148,,,
,,,3.5304E-148,,,
,,,2.8243E-148,,,
,,,2.2594E-148,,,
,,,1.8075E-148,,,
,,,1.446E-148,,,
,,,1.1568E-148,,,
,,,9.2546E-149,,,
,,,7.4037E-149,,,
,,,5.923E-149,,,
,,,4.7384E-149,,,
,,,3.7907E-149,,,
,,,3.0326E-149,,,
,,,2.426E-149,,,
,,,1.9408E-149,,,
,,,1.5527E-149,,,
,,,1.2421E-149,,,
,,,9.9371E-150,,,
,,,7.9497E-150,,,
,,,6.3597E-150,,,
,,,5.0878E-150,,,
,,,4.0702E-150,,,
,,,3.2562E-150,,,
,,,2.6049E-150,,,
,,,2.084E-150,,,
,,,1.6672E-150,,,
,,,1.3337E-150,,,
,,,1.067E-150,,,
,,,8.5359E-151,,,
,,,6.8287E-151,,,
,,,5.463E-151,,,
,,,4.3704E-151,,,
,,,3.4963E-151,,,
,,,2.797E-151,,,
,,,2.2376E-151,,,
,,,1.7901E-151,,,
,,,1.4321E-151,,,
,,,1.1457E-151,,,
,,,9.1653E-152,,,
,,,7.3323E-152,,,
,,,5.8658E-152,,,
,,,4.6926E-152,,,
,,,3.7541E-152,,,
,,,3.0033E-152,,,
,,,2.4026E-152,,,
,,,1.9221E-152,,,
,,,1.5377E-152,,,
,,,1.2301E-152,,,
,,,9.8412E-153,,,
,,,7.873E-153,,,
,,,6.2984E-153,,,
,,,5.0387E-153,,,
,,,4.031E-153,,,
,,,3.2248E-153,,,
,,,2.5798E-153,,,
,,,2.0638E-153,,,
,,,1.6511E-153,,,
,,,1.3209E-153,,,
,,,1.0567E-153,,,
,,,8.4535E-154,,,
,,,6.7628E-154,,,
,,,5.4103E-154,,,
,,,4.3282E-154,,,
,,,3.4626E-154,,,
,,,2.7701E-154,,,
,,,2.216E-154,,,
,,,1.7728E-154,,,
,,,1.4183E-154,,,
,,,1.1346E-154,,,
,,,9.0769E-155,,,
,,,7.2615E-155,,,
,,,5.8092E-155,,,
,,,4.6474E-155,,,
,,,3.7179E-155,,,
,,,2.9743E-155,,,
,,,2.3795E-155,,,
,,,1.9036E-155,,,
,,,1.5229E-155,,,
,,,1.2183E-155,,,
,,,9.7462E-156,,,
,,,7.797E-156,,,
,,,6.2376E-156,,,
,,,4.9901E-156,,,
,,,3.9921E-156,,,
,,,3.1937E-156,,,
,,,2.5549E-156,,,
,,,2.0439E-156,,,
,,,1.6351E-156,,,
,,,1.3081E-156,,,
,,,1.0465E-156,,,
,,,8.372E-157,,,
,,,6.6976E-157,,,
,,,5.3581E-157,,,
,,,4.2864E-157,,,
,,,3.4292E-157,,,
,,,2.7433E-157,,,
,,,2.1947E-157,,,
,,,1.7557E-157,,,
,,,1.4046E-157,,,
,,,1.1237E-157,,,
,,,8.9893E-158,,,
,,,7.1915E-158,,,
,,,5.7532E-158,,,
,,,4.6025E-158,,,
,,,3.682E-158,,,
,,,2.9456E-158,,,
,,,2.3565E-158,,,
,,,1.8852E-158,,,
,,,1.5082E-158,,,
,,,1.2065E-158,,,
,,,9.6522E-159,,,
,,,7.7218E-159,,,
,,,6.1774E-159,,,
,,,4.9419E-159,,,
,,,3.9535E-159,,,
,,,3.1628E-159,,,
,,,2.5303E-159,,,
,,,2.0242E-159,,,
,,,1.6194E-159,,,
,,,1.2955E-159,,,
,,,1.0364E-159,,,
,,,8.2912E-160,,,
,,,6.633E-160,,,
,,,5.3064E-160,,,
,,,4.2451E-160,,,
,,,3.3961E-160,,,
,,,2.7169E-160,,,
,,,2.1735E-160,,,
,,,1.7388E-160,,,
,,,1.391E-160,,,
,,,1.1128E-160,,,
,,,8.9026E-161,,,
,,,7.1221E-161,,,
,,,5.6977E-161,,,
,,,4.5581E-161,,,
,,,3.6465E-161,,,
,,,2.9172E-161,,,
,,,2.3338E-161,,,
,,,1.867E-161,,,
,,,1.4936E-161,,,
,,,1.1949E-161,,,
,,,9.5591E-162,,,
,,,7.6473E-162,,,
,,,6.1178E-162,,,
,,,4.8943E-162,,,
,,,3.9154E-162,,,
,,,3.1323E-162,,,
,,,2.5059E-162,,,
,,,2.0047E-162,,,
,,,1.6037E-162,,,
,,,1.283E-162,,,
,,,1.0264E-162,,,
,,,8.2112E-163,,,
,,,6.569E-163,,,
,,,5.2552E-163,,,
,,,4.2041E-163,,,
,,,3.3633E-163,,,
,,,2.6906E-163,,,
,,,2.1525E-163,,,
,,,1.722E-163,,,
,,,1.3776E-163,,,
,,,1.1021E-163,,,
,,,8.8167E-164,,,
,,,7.0534E-164,,,
,,,5.6427E-164,,,
,,,4.5142E-164,,,
,,,3.6113E-164,,,
,,,2.8891E-164,,,
,,,2.3112E-164,,,
,,,1.849E-164,,,
,,,1.4792E-164,,,
,,,1.1834E-164,,,
,,,9.4669E-165,,,
,,,7.5735E-165,,,
,,,6.0588E-165,,,
,,,4.847E-165,,,
,,,3.8776E-165,,,
,,,3.1021E-165,,,
,,,2.4817E-165,,,
,,,1.9853E-165,,,
,,,1.5883E-165,,,
,,,1.2706E-165,,,
,,,1.0165E-165,,,
,,,8.132E-166,,,
,,,6.5056E-166,,,
,,,5.2045E-166,,,
,,,4.1636E-166,,,
,,,3.3309E-166,,,
,,,2.6647E-166,,,
,,,2.1317E-166,,,
,,,1.7054E-166,,,
,,,1.3643E-166,,,
,,,1.0915E-166,,,
,,,8.7316E-167,,,
,,,6.9853E-167,,,
,,,5.5883E-167,,,
,,,4.4706E-167,,,
,,,3.5765E-167,,,
,,,2.8612E-167,,,
,,,2.2889E-167,,,
,,,1.8312E-167,,,
,,,1.4649E-167,,,
,,,1.1719E-167,,,
,,,9.3755E-168,,,
,,,7.5004E-168,,,
,,,6.0003E-168,,,
,,,4.8003E-168,,,
,,,3.8402E-168,,,
,,,3.0722E-168,,,
,,,2.4577E-168,,,
,,,1.9662E-168,,,
,,,1.573E-168,,,
,,,1.2584E-168,,,
,,,1.0067E-168,,,
,,,8.0535E-169,,,
,,,6.4428E-169,,,
,,,5.1543E-169,,,
,,,4.1234E-169,,,
,,,3.2987E-169,,,
,,,2.639E-169,,,
,,,2.1112E-169,,,
,,,1.6889E-169,,,
,,,1.3512E-169,,,
,,,1.0809E-169,,,
,,,8.6474E-170,,,
,,,6.9179E-170,,,
,,,5.5343E-170,,,
,,,4.4275E-170,,,
,,,3.542E-170,,,
,,,2.8336E-170,,,
,,,2.2669E-170,,,
,,,1.8135E-170,,,
,,,1.4508E-170,,,
,,,1.1606E-170,,,
,,,9.2851E-171,,,
,,,7.4281E-171,,,
,,,5.9424E-171,,,
,,,4.754E-171,,,
,,,3.8032E-171,,,
,,,3.0425E-171,,,
,,,2.434E-171,,,
,,,1.9472E-171,,,
,,,1.5578E-171,,,
,,,1.2462E-171,,,
,,,9.9698E-172,,,
,,,7.9758E-172,,,
,,,6.3807E-172,,,
,,,5.1045E-172,,,
,,,4.0836E-172,,,
,,,3.2669E-172,,,
,,,2.6135E-172,,,
,,,2.0908E-172,,,
,,,1.6727E-172,,,
,,,1.3381E-172,,,
,,,1.0705E-172,,,
,,,8.564E-173,,,
,,,6.8512E-173,,,
,,,5.4809E-173,,,
,,,4.3848E-173,,,
,,,3.5078E-173,,,
,,,2.8062E-173,,,
,,,2.245E-173,,,
,,,1.796E-173,,,
,,,1.4368E-173,,,
,,,1.1494E-173,,,
,,,9.1955E-174,,,
,,,7.3564E-174,,,
,,,5.8851E-174,,,
,,,4.7081E-174,,,
,,,3.7665E-174,,,
,,,3.0132E-174,,,
,,,2.4105E-174,,,
,,,1.9284E-174,,,
,,,1.5427E-174,,,
,,,1.2342E-174,,,
,,,9.8736E-175,,,
,,,7.8989E-175,,,
,,,6.3191E-175,,,
,,,5.0553E-175,,,
,,,4.0442E-175,,,
,,,3.2354E-175,,,
,,,2.5883E-175,,,
,,,2.0706E-175,,,
,,,1.6565E-175,,,
,,,1.3252E-175,,,
,,,1.0602E-175,,,
,,,8.4813E-176,,,
,,,6.7851E-176,,,
,,,5.4281E-176,,,
,,,4.3424E-176,,,
,,,3.474E-176,,,
,,,2.7792E-176,,,
,,,2.2233E-176,,,
,,,1.7787E-176,,,
,,,1.4229E-176,,,
,,,1.1383E-176,,,
,,,9.1068E-177,,,
,,,7.2854E-177,,,
,,,5.8283E-177,,,
,,,4.6627E-177,,,
,,,3.7301E-177,,,
,,,2.9841E-177,,,
,,,2.3873E-177,,,
,,,1.9098E-177,,,
,,,1.5279E-177,,,
,,,1.2223E-177,,,
,,,9.7783E-178,,,
,,,7.8227E-178,,,
,,,6.2581E-178,,,
,,,5.0065E-178,,,
,,,4.0052E-178,,,
,,,3.2042E-178,,,
,,,2.5633E-178,,,
,,,2.0507E-178,,,
,,,1.6405E-178,,,
,,,1.3124E-178,,,
,,,1.0499E-178,,,
,,,8.3995E-179,,,
,,,6.7196E-179,,,
,,,5.3757E-179,,,
,,,4.3006E-179,,,
,,,3.4404E-179,,,
,,,2.7524E-179,,,
,,,2.2019E-179,,,
,,,1.7615E-179,,,
,,,1.4092E-179,,,
,,,1.1274E-179,,,
,,,9.0189E-180,,,
,,,7.2151E-180,,,
,,,5.7721E-180,,,
,,,4.6177E-180,,,
,,,3.6941E-180,,,
,,,2.9553E-180,,,
,,,2.3643E-180,,,
,,,1.8914E-180,,,
,,,1.5131E-180,,,
,,,1.2105E-180,,,
,,,9.684E-181,,,
,,,7.7472E-181,,,
,,,6.1978E-181,,,
,,,4.9582E-181,,,
,,,3.9666E-181,,,
,,,3.1732E-181,,,
,,,2.5386E-181,,,
,,,2.0309E-181,,,
,,,1.6247E-181,,,
,,,1.2998E-181,,,
,,,1.0398E-181,,,
,,,8.3185E-182,,,
,,,6.6548E-182,,,
,,,5.3238E-182,,,
,,,4.2591E-182,,,
,,,3.4072E-182,,,
,,,2.7258E-182,,,
,,,2.1806E-182,,,
,,,1.7445E-182,,,
,,,1.3956E-182,,,
,,,1.1165E-182,,,
,,,8.9319E-183,,,
,,,7.1455E-183,,,
,,,5.7164E-183,,,
,,,4.5731E-183,,,
,,,3.6585E-183,,,
,,,2.9268E-183,,,
,,,2.3414E-183,,,
,,,1.8732E-183,,,
,,,1.4985E-183,,,
,,,1.1988E-183,,,
,,,9.5906E-184,,,
,,,7.6724E-184,,,
,,,6.138E-184,,,
,,,4.9104E-184,,,
,,,3.9283E-184,,,
,,,3.1426E-184,,,
,,,2.5141E-184,,,
,,,2.0113E-184,,,
,,,1.609E-184,,,
,,,1.2872E-184,,,
,,,1.0298E-184,,,
,,,8.2382E-185,,,
,,,6.5906E-185,,,
,,,5.2725E-185,,,
,,,4.218E-185,,,
,,,3.3744E-185,,,
,,,2.6995E-185,,,
,,,2.1596E-185,,,
,,,1.7277E-185,,,
,,,1.3821E-185,,,
,,,1.1057E-185,,,
,,,8.8457E-186,,,
,,,7.0766E-186,,,
,,,5.6613E-186,,,
,,,4.529E-186,,,
,,,3.6232E-186,,,
,,,2.8986E-186,,,
,,,2.3189E-186,,,
,,,1.8551E-186,,,
,,,1.4841E-186,,,
,,,1.1873E-186,,,
,,,9.498E-187,,,
,,,7.5984E-187,,,
,,,6.0787E-187,,,
,,,4.863E-187,,,
,,,3.8904E-187,,,
,,,3.1123E-187,,,
,,,2.4899E-187,,,
,,,1.9919E-187,,,
,,,1.5935E-187,,,
,,,1.2748E-187,,,
,,,1.0198E-187,,,
,,,8.1587E-188,,,
,,,6.527E-188,,,
,,,5.2216E-188,,,
,,,4.1773E-188,,,
,,,3.3418E-188,,,
,,,2.6735E-188,,,
,,,2.1388E-188,,,
,,,1.711E-188,,,
,,,1.3688E-188,,,
,,,1.095E-188,,,
,,,8.7604E-189,,,
,,,7.0083E-189,,,
,,,5.6066E-189,,,
,,,4.4853E-189,,,
,,,3.5883E-189,,,
,,,2.8706E-189,,,
,,,2.2965E-189,,,
,,,1.8372E-189,,,
,,,1.4697E-189,,,
,,,1.1758E-189,,,
,,,9.4064E-190,,,
,,,7.5251E-190,,,
,,,6.0201E-190,,,
,,,4.8161E-190,,,
,,,3.8529E-190,,,
,,,3.0823E-190,,,
,,,2.4658E-190,,,
,,,1.9727E-190,,,
,,,1.5781E-190,,,
,,,1.2625E-190,,,
,,,1.01E-190,,,
,,,8.08E-191,,,
,,,6.464E-191,,,
,,,5.1712E-191,,,
,,,4.137E-191,,,
,,,3.3096E-191,,,
,,,2.6477E-191,,,
,,,2.1181E-191,,,
,,,1.6945E-191,,,
,,,1.3556E-191,,,
,,,1.0845E-191,,,
,,,8.6759E-192,,,
,,,6.9407E-192,,,
,,,5.5526E-192,,,
,,,4.442E-192,,,
,,,3.5536E-192,,,
,,,2.8429E-192,,,
,,,2.2743E-192,,,
,,,1.8195E-192,,,
,,,1.4556E-192,,,
,,,1.1645E-192,,,
,,,9.3156E-193,,,
,,,7.4525E-193,,,
,,,5.962E-193,,,
,,,4.7696E-193,,,
,,,3.8157E-193,,,
,,,3.0525E-193,,,
,,,2.442E-193,,,
,,,1.9536E-193,,,
,,,1.5629E-193,,,
,,,1.2503E-193,,,
,,,1.0003E-193,,,
,,,8.0021E-194,,,
,,,6.4017E-194,,,
,,,5.1213E-194,,,
,,,4.0971E-194,,,
,,,3.2776E-194,,,
,,,2.6221E-194,,,
,,,2.0977E-194,,,
,,,1.6782E-194,,,
,,,1.3425E-194,,,
,,,1.074E-194,,,
,,,8.5922E-195,,,
,,,6.8737E-195,,,
,,,5.499E-195,,,
,,,4.3992E-195,,,
,,,3.5193E-195,,,
,,,2.8155E-195,,,
,,,2.2524E-195,,,
,,,1.8019E-195,,,
,,,1.4415E-195,,,
,,,1.1532E-195,,,
,,,9.2258E-196,,,
,,,7.3806E-196,,,
,,,5.9045E-196,,,
,,,4.7236E-196,,,
,,,3.7789E-196,,,
,,,3.0231E-196,,,
,,,2.4185E-196,,,
,,,1.9348E-196,,,
,,,1.5478E-196,,,
,,,1.2383E-196,,,
,,,9.9061E-197,,,
,,,7.9249E-197,,,
,,,6.3399E-197,,,
,,,5.0719E-197,,,
,,,4.0575E-197,,,
,,,3.246E-197,,,
,,,2.5968E-197,,,
,,,2.0775E-197,,,
,,,1.662E-197,,,
,,,1.3296E-197,,,
,,,1.0637E-197,,,
,,,8.5093E-198,,,
,,,6.8074E-198,,,
,,,5.4459E-198,,,
,,,4.3567E-198,,,
,,,3.4854E-198,,,
,,,2.7883E-198,,,
,,,2.2307E-198,,,
,,,1.7845E-198,,,
,,,1.4276E-198,,,
,,,1.1421E-198,,,
,,,9.1367E-199,,,
,,,7.3094E-199,,,
,,,5.8475E-199,,,
,,,4.678E-199,,,
,,,3.7424E-199,,,
,,,2.9939E-199,,,
,,,2.3951E-199,,,
,,,1.9161E-199,,,
,,,1.5329E-199,,,
,,,1.2263E-199,,,
,,,9.8105E-200,,,
,,,7.8484E-200,,,
,,,6.2787E-200,,,
,,,5.023E-200,,,
,,,4.0184E-200,,,
,,,3.2147E-200,,,
,,,2.5718E-200,,,
,,,2.0574E-200,,,
,,,1.6459E-200,,,
,,,1.3167E-200,,,
,,,1.0534E-200,,,
,,,8.4272E-201,,,
,,,6.7417E-201,,,
,,,5.3934E-201,,,
,,,4.3147E-201,,,
,,,3.4518E-201,,,
,,,2.7614E-201,,,
,,,2.2091E-201,,,
,,,1.7673E-201,,,
,,,1.4138E-201,,,
,,,1.1311E-201,,,
,,,9.0486E-202,,,
,,,7.2389E-202,,,
,,,5.7911E-202,,,
,,,4.6329E-202,,,
,,,3.7063E-202,,,
,,,2.965E-202,,,
,,,2.372E-202,,,
,,,1.8976E-202,,,
,,,1.5181E-202,,,
,,,1.2145E-202,,,
,,,9.7159E-203,,,
,,,7.7727E-203,,,
,,,6.2181E-203,,,
,,,4.9745E-203,,,
,,,3.9796E-203,,,
,,,3.1837E-203,,,
,,,2.547E-203,,,
,,,2.0376E-203,,,
,,,1.6301E-203,,,
,,,1.304E-203,,,
,,,1.0432E-203,,,
,,,8.3459E-204,,,
,,,6.6767E-204,,,
,,,5.3413E-204,,,
,,,4.2731E-204,,,
,,,3.4185E-204,,,
,,,2.7348E-204,,,
,,,2.1878E-204,,,
,,,1.7503E-204,,,
,,,1.4002E-204,,,
,,,1.1202E-204,,,
,,,8.9613E-205,,,
,,,7.169E-205,,,
,,,5.7352E-205,,,
,,,4.5882E-205,,,
,,,3.6705E-205,,,
,,,2.9364E-205,,,
,,,2.3492E-205,,,
,,,1.8793E-205,,,
,,,1.5035E-205,,,
,,,1.2028E-205,,,
,,,9.6221E-206,,,
,,,7.6977E-206,,,
,,,6.1582E-206,,,
,,,4.9265E-206,,,
,,,3.9412E-206,,,
,,,3.153E-206,,,
,,,2.5224E-206,,,
,,,2.0179E-206,,,
,,,1.6143E-206,,,
,,,1.2915E-206,,,
,,,1.0332E-206,,,
,,,8.2653E-207,,,
,,,6.6123E-207,,,
,,,5.2898E-207,,,
,,,4.2319E-207,,,
,,,3.3855E-207,,,
,,,2.7084E-207,,,
,,,2.1667E-207,,,
,,,1.7334E-207,,,
,,,1.3867E-207,,,
,,,1.1094E-207,,,
,,,8.8748E-208,,,
,,,7.0999E-208,,,
,,,5.6799E-208,,,
,,,4.5439E-208,,,
,,,3.6351E-208,,,
,,,2.9081E-208,,,
,,,2.3265E-208,,,
,,,1.8612E-208,,,
,,,1.489E-208,,,
,,,1.1912E-208,,,
,,,9.5293E-209,,,
,,,7.6234E-209,,,
,,,6.0987E-209,,,
,,,4.879E-209,,,
,,,3.9032E-209,,,
,,,3.1226E-209,,,
,,,2.498E-209,,,
,,,1.9984E-209,,,
,,,1.5987E-209,,,
,,,1.279E-209,,,
,,,1.0232E-209,,,
,,,8.1856E-210,,,
,,,6.5485E-210,,,
,,,5.2388E-210,,,
,,,4.191E-210,,,
,,,3.3528E-210,,,
,,,2.6823E-210,,,
,,,2.1458E-210,,,
,,,1.7166E-210,,,
,,,1.3733E-210,,,
,,,1.0987E-210,,,
,,,8.7892E-211,,,
,,,7.0314E-211,,,
,,,5.6251E-211,,,
,,,4.5001E-211,,,
,,,3.6001E-211,,,
,,,2.88E-211,,,
,,,2.304E-211,,,
,,,1.8432E-211,,,
,,,1.4746E-211,,,
,,,1.1797E-211,,,
,,,9.4373E-212,,,
,,,7.5499E-212,,,
,,,6.0399E-212,,,
,,,4.8319E-212,,,
,,,3.8655E-212,,,
,,,3.0924E-212,,,
,,,2.4739E-212,,,
,,,1.9792E-212,,,
,,,1.5833E-212,,,
,,,1.2667E-212,,,
,,,1.0133E-212,,,
,,,8.1066E-213,,,
,,,6.4853E-213,,,
,,,5.1882E-213,,,
,,,4.1506E-213,,,
,,,3.3205E-213,,,
,,,2.6564E-213,,,
,,,2.1251E-213,,,
,,,1.7001E-213,,,
,,,1.3601E-213,,,
,,,1.0881E-213,,,
,,,8.7044E-214,,,
,,,6.9635E-214,,,
,,,5.5708E-214,,,
,,,4.4567E-214,,,
,,,3.5653E-214,,,
,,,2.8523E-214,,,
,,,2.2818E-214,,,
,,,1.8254E-214,,,
,,,1.4604E-214,,,
,,,1.1683E-214,,,
,,,9.3463E-215,,,
,,,7.477E-215,,,
,,,5.9816E-215,,,
,,,4.7853E-215,,,
,,,3.8282E-215,,,
,,,3.0626E-215,,,
,,,2.4501E-215,,,
,,,1.9601E-215,,,
,,,1.568E-215,,,
,,,1.2544E-215,,,
,,,1.0036E-215,,,
,,,8.0284E-216,,,
,,,6.4227E-216,,,
,,,5.1382E-216,,,
,,,4.1105E-216,,,
,,,3.2884E-216,,,
,,,2.6307E-216,,,
,,,2.1046E-216,,,
,,,1.6837E-216,,,
,,,1.3469E-216,,,
,,,1.0776E-216,,,
,,,8.6204E-217,,,
,,,6.8963E-217,,,
,,,5.5171E-217,,,
,,,4.4137E-217,,,
,,,3.5309E-217,,,
,,,2.8247E-217,,,
,,,2.2598E-217,,,
,,,1.8078E-217,,,
,,,1.4463E-217,,,
,,,1.157E-217,,,
,,,9.2561E-218,,,
,,,7.4049E-218,,,
,,,5.9239E-218,,,
,,,4.7391E-218,,,
,,,3.7913E-218,,,
,,,3.033E-218,,,
,,,2.4264E-218,,,
,,,1.9411E-218,,,
,,,1.5529E-218,,,
,,,1.2423E-218,,,
,,,9.9387E-219,,,
,,,7.9509E-219,,,
,,,6.3608E-219,,,
,,,5.0886E-219,,,
,,,4.0709E-219,,,
,,,3.2567E-219,,,
,,,2.6054E-219,,,
,,,2.0843E-219,,,
,,,1.6674E-219,,,
,,,1.3339E-219,,,
,,,1.0672E-219,,,
,,,8.5373E-220,,,
,,,6.8298E-220,,,
,,,5.4639E-220,,,
,,,4.3711E-220,,,
,,,3.4969E-220,,,
,,,2.7975E-220,,,
,,,2.238E-220,,,
,,,1.7904E-220,,,
,,,1.4323E-220,,,
,,,1.1459E-220,,,
,,,9.1668E-221,,,
,,,7.3335E-221,,,
,,,5.8668E-221,,,
,,,4.6934E-221,,,
,,,3.7547E-221,,,
,,,3.0038E-221,,,
,,,2.403E-221,,,
,,,1.9224E-221,,,
,,,1.5379E-221,,,
,,,1.2303E-221,,,
,,,9.8428E-222,,,
,,,7.8742E-222,,,
,,,6.2994E-222,,,
,,,5.0395E-222,,,
,,,4.0316E-222,,,
,,,3.2253E-222,,,
,,,2.5802E-222,,,
,,,2.0642E-222,,,
,,,1.6513E-222,,,
,,,1.3211E-222,,,
,,,1.0569E-222,,,
,,,8.4549E-223,,,
,,,6.7639E-223,,,
,,,5.4111E-223,,,
,,,4.3289E-223,,,
,,,3.4631E-223,,,
,,,2.7705E-223,,,
,,,2.2164E-223,,,
,,,1.7731E-223,,,
,,,1.4185E-223,,,
,,,1.1348E-223,,,
,,,9.0784E-224,,,
,,,7.2627E-224,,,
,,,5.8102E-224,,,
,,,4.6481E-224,,,
,,,3.7185E-224,,,
,,,2.9748E-224,,,
,,,2.3798E-224,,,
,,,1.9039E-224,,,
,,,1.5231E-224,,,
,,,1.2185E-224,,,
,,,9.7478E-225,,,
,,,7.7983E-225,,,
,,,6.2386E-225,,,
,,,4.9909E-225,,,
,,,3.9927E-225,,,
,,,3.1942E-225,,,
,,,2.5553E-225,,,
,,,2.0443E-225,,,
,,,1.6354E-225,,,
,,,1.3083E-225,,,
,,,1.0467E-225,,,
,,,8.3733E-226,,,
,,,6.6987E-226,,,
,,,5.3589E-226,,,
,,,4.2871E-226,,,
,,,3.4297E-226,,,
,,,2.7438E-226,,,
,,,2.195E-226,,,
,,,1.756E-226,,,
,,,1.4048E-226,,,
,,,1.1238E-226,,,
,,,8.9908E-227,,,
,,,7.1926E-227,,,
,,,5.7541E-227,,,
,,,4.6033E-227,,,
,,,3.6826E-227,,,
,,,2.9461E-227,,,
,,,2.3569E-227,,,
,,,1.8855E-227,,,
,,,1.5084E-227,,,
,,,1.2067E-227,,,
,,,9.6538E-228,,,
,,,7.723E-228,,,
,,,6.1784E-228,,,
,,,4.9427E-228,,,
,,,3.9542E-228,,,
,,,3.1634E-228,,,
,,,2.5307E-228,,,
,,,2.0245E-228,,,
,,,1.6196E-228,,,
,,,1.2957E-228,,,
,,,1.0366E-228,,,
,,,8.2925E-229,,,
,,,6.634E-229,,,
,,,5.3072E-229,,,
,,,4.2458E-229,,,
,,,3.3966E-229,,,
,,,2.7173E-229,,,
,,,2.1738E-229,,,
,,,1.7391E-229,,,
,,,1.3913E-229,,,
,,,1.113E-229,,,
,,,8.904E-230,,,
,,,7.1232E-230,,,
,,,5.6986E-230,,,
,,,4.5589E-230,,,
,,,3.6471E-230,,,
,,,2.9177E-230,,,
,,,2.3341E-230,,,
,,,1.8673E-230,,,
,,,1.4939E-230,,,
,,,1.1951E-230,,,
,,,9.5606E-231,,,
,,,7.6485E-231,,,
,,,6.1188E-231,,,
,,,4.8951E-231,,,
,,,3.916E-231,,,
